{
  "fecha_generacion": "2025-12-16 16:56:55",
  "total_senales": 120,
  "senales": [
    {
      "id": "SIG-202512161656-754",
      "titulo": "Summer in Spain at SLU-Madrid : SLU - Saint Louis University",
      "url": "https://www.slu.edu/madrid/academics/degrees-and-programs/summer-programs.php",
      "tipo_senal": "Institucional - Programa 2026",
      "email": null,
      "telefono": null,
      "nombre_persona_o_institucion": "slu",
      "keyword_origen": "summer school Madrid 2026 contact",
      "fecha_detectada": "2025-12-16",
      "fecha_evento": "2026",
      "prioridad": "Baja"
    },
    {
      "id": "SIG-202512161656-236",
      "titulo": "IE University Summer School - Summer Programs in Madrid",
      "url": "https://www.ie.edu/ie-summer-school/",
      "tipo_senal": "Institucional - Programa 2026",
      "email": null,
      "telefono": null,
      "nombre_persona_o_institucion": "ie",
      "keyword_origen": "summer school Madrid 2026 contact",
      "fecha_detectada": "2025-12-16",
      "fecha_evento": "2026",
      "prioridad": "Baja"
    },
    {
      "id": "SIG-202512161656-852",
      "titulo": "Summer School of Economics and Business – Universidad ...",
      "url": "https://uamsseb.education/",
      "tipo_senal": "Institucional - Programa 2026",
      "email": null,
      "telefono": null,
      "nombre_persona_o_institucion": "uamsseb",
      "keyword_origen": "summer school Madrid 2026 contact",
      "fecha_detectada": "2025-12-16",
      "fecha_evento": "2026",
      "prioridad": "Baja"
    },
    {
      "id": "SIG-202512161656-261",
      "titulo": "Unlock Your Potential with IE's Pre-University Summer Program 2026",
      "url": "https://www.ie.edu/ie-summer-school/pre-university/pre-university-summer-program/",
      "tipo_senal": "Institucional - Programa 2026",
      "email": null,
      "telefono": null,
      "nombre_persona_o_institucion": "ie",
      "keyword_origen": "summer school Madrid 2026 contact",
      "fecha_detectada": "2025-12-16",
      "fecha_evento": "2026",
      "prioridad": "Baja"
    },
    {
      "id": "SIG-202512161656-497",
      "titulo": "Pre-College | Vogue College of Fashion",
      "url": "https://www.voguecollege.com/academics/pre-college/",
      "tipo_senal": "Institucional - Programa 2026",
      "email": null,
      "telefono": null,
      "nombre_persona_o_institucion": "voguecollege",
      "keyword_origen": "summer school Madrid 2026 contact",
      "fecha_detectada": "2025-12-16",
      "fecha_evento": "2026",
      "prioridad": "Baja"
    },
    {
      "id": "SIG-202512161656-916",
      "titulo": "Summer School - Esade Summer School",
      "url": "https://www.esade.edu/summer-school/en",
      "tipo_senal": "Institucional - Programa 2026",
      "email": null,
      "telefono": "",
      "nombre_persona_o_institucion": "esade",
      "keyword_origen": "summer school Madrid 2026 contact",
      "fecha_detectada": "2025-12-16",
      "fecha_evento": "2026",
      "prioridad": "Baja"
    },
    {
      "id": "SIG-202512161656-498",
      "titulo": "FENS Forum 2026 | International Neuroscience Conference",
      "url": "https://fensforum.org/",
      "tipo_senal": "Institucional - Programa 2026",
      "email": null,
      "telefono": null,
      "nombre_persona_o_institucion": "fensforum",
      "keyword_origen": "summer school Madrid 2026 contact",
      "fecha_detectada": "2025-12-16",
      "fecha_evento": "2026",
      "prioridad": "Baja"
    },
    {
      "id": "SIG-202512161656-731",
      "titulo": "Campus Experience Real Madrid Foundation: Home",
      "url": "https://campusexperiencermf.com/en/",
      "tipo_senal": "Institucional - Programa 2026",
      "email": null,
      "telefono": null,
      "nombre_persona_o_institucion": "campusexperiencermf",
      "keyword_origen": "summer school Madrid 2026 contact",
      "fecha_detectada": "2025-12-16",
      "fecha_evento": "2026",
      "prioridad": "Baja"
    },
    {
      "id": "SIG-202512161656-925",
      "titulo": "Campus Event - 2026 Summer Study in Madrid! – USD News Center ...",
      "url": "https://www.sandiego.edu/events/detail.php?_focus=98929",
      "tipo_senal": "Institucional - Programa 2026",
      "email": "lawabroad@sandiego.edu",
      "telefono": null,
      "nombre_persona_o_institucion": "sandiego",
      "keyword_origen": "summer school Madrid 2026 contact",
      "fecha_detectada": "2025-12-16",
      "fecha_evento": "2026",
      "prioridad": "Media"
    },
    {
      "id": "SIG-202512161656-479",
      "titulo": "High School | Summer Session",
      "url": "https://summer.stanford.edu/students/high-school",
      "tipo_senal": "Institucional - Programa 2026",
      "email": null,
      "telefono": null,
      "nombre_persona_o_institucion": "summer",
      "keyword_origen": "summer school Madrid 2026 contact",
      "fecha_detectada": "2025-12-16",
      "fecha_evento": "2026",
      "prioridad": "Baja"
    },
    {
      "id": "SIG-202512161656-710",
      "titulo": "IE – Fostering Positive Change Through Education, Research ...",
      "url": "https://www.ie.edu/",
      "tipo_senal": "Institucional - Programa 2026",
      "email": null,
      "telefono": null,
      "nombre_persona_o_institucion": "ie",
      "keyword_origen": "business school summer course Madrid email",
      "fecha_detectada": "2025-12-16",
      "fecha_evento": "2026",
      "prioridad": "Baja"
    },
    {
      "id": "SIG-202512161656-41",
      "titulo": "Heavener international study abroad and exchange programs",
      "url": "https://warrington.ufl.edu/current-students/undergraduate/international-study/",
      "tipo_senal": "Institucional - Programa 2026",
      "email": null,
      "telefono": null,
      "nombre_persona_o_institucion": "warrington",
      "keyword_origen": "business school summer course Madrid email",
      "fecha_detectada": "2025-12-16",
      "fecha_evento": "2026",
      "prioridad": "Baja"
    },
    {
      "id": "SIG-202512161656-736",
      "titulo": "EU Business School: Top Business School in Europe",
      "url": "https://www.euruni.edu/en/Home/Top-Business-School-in-Europe-EU-Business-School.html",
      "tipo_senal": "Institucional - Programa 2026",
      "email": null,
      "telefono": null,
      "nombre_persona_o_institucion": "euruni",
      "keyword_origen": "business school summer course Madrid email",
      "fecha_detectada": "2025-12-16",
      "fecha_evento": "2026",
      "prioridad": "Baja"
    },
    {
      "id": "SIG-202512161656-731",
      "titulo": "Summer Study for High School Students | Babson College",
      "url": "https://www.babson.edu/summer-study/",
      "tipo_senal": "Institucional - Programa 2026",
      "email": null,
      "telefono": null,
      "nombre_persona_o_institucion": "babson",
      "keyword_origen": "business school summer course Madrid email",
      "fecha_detectada": "2025-12-16",
      "fecha_evento": "2026",
      "prioridad": "Baja"
    },
    {
      "id": "SIG-202512161656-905",
      "titulo": "Graduate Students - SLU-Madrid",
      "url": "https://www.slu.edu/madrid/admissions/graduate-students.php",
      "tipo_senal": "Institucional - Programa 2026",
      "email": null,
      "telefono": null,
      "nombre_persona_o_institucion": "slu",
      "keyword_origen": "business school summer course Madrid email",
      "fecha_detectada": "2025-12-16",
      "fecha_evento": "2026",
      "prioridad": "Baja"
    },
    {
      "id": "SIG-202512161656-726",
      "titulo": "Study Business Abroad | Bachelor's Degree in Business | Indiana ...",
      "url": "https://kelley.iu.edu/undergraduate/academics/study-abroad/index.html",
      "tipo_senal": "Institucional - Programa 2026",
      "email": null,
      "telefono": null,
      "nombre_persona_o_institucion": "kelley",
      "keyword_origen": "business school summer course Madrid email",
      "fecha_detectada": "2025-12-16",
      "fecha_evento": "2026",
      "prioridad": "Baja"
    },
    {
      "id": "SIG-202512161656-359",
      "titulo": "High School Programs",
      "url": "https://www.nyu.edu/admissions/high-school-and-middle-school-programs/high-school-programs.html",
      "tipo_senal": "Institucional - Programa 2026",
      "email": null,
      "telefono": null,
      "nombre_persona_o_institucion": "nyu",
      "keyword_origen": "business school summer course Madrid email",
      "fecha_detectada": "2025-12-16",
      "fecha_evento": "2026",
      "prioridad": "Baja"
    },
    {
      "id": "SIG-202512161656-288",
      "titulo": "SLU-Madrid | SLU.edu : SLU - Saint Louis University",
      "url": "https://www.slu.edu/madrid/index.php",
      "tipo_senal": "Institucional - Programa 2026",
      "email": null,
      "telefono": null,
      "nombre_persona_o_institucion": "slu",
      "keyword_origen": "business school summer course Madrid email",
      "fecha_detectada": "2025-12-16",
      "fecha_evento": "2026",
      "prioridad": "Baja"
    },
    {
      "id": "SIG-202512161656-279",
      "titulo": "ESCP Business School | Top-ranked European Business School",
      "url": "https://escp.eu/",
      "tipo_senal": "Institucional - Programa 2026",
      "email": null,
      "telefono": null,
      "nombre_persona_o_institucion": "escp",
      "keyword_origen": "business school summer course Madrid email",
      "fecha_detectada": "2025-12-16",
      "fecha_evento": "2026",
      "prioridad": "Baja"
    },
    {
      "id": "SIG-202512161656-824",
      "titulo": "UCEAP Contacts | UCEAP",
      "url": "https://uceap.universityofcalifornia.edu/about-uceap/contacts",
      "tipo_senal": "Institucional - Programa 2026",
      "email": null,
      "telefono": "+1 ",
      "nombre_persona_o_institucion": "uceap",
      "keyword_origen": "business school summer course Madrid email",
      "fecha_detectada": "2025-12-16",
      "fecha_evento": "2026",
      "prioridad": "Media"
    },
    {
      "id": "SIG-202512161656-236",
      "titulo": "IE University Summer School - Summer Programs in Madrid",
      "url": "https://www.ie.edu/ie-summer-school/",
      "tipo_senal": "Institucional - Programa 2026",
      "email": null,
      "telefono": null,
      "nombre_persona_o_institucion": "ie",
      "keyword_origen": "IE summer school contact",
      "fecha_detectada": "2025-12-16",
      "fecha_evento": "2026",
      "prioridad": "Baja"
    },
    {
      "id": "SIG-202512161656-496",
      "titulo": "International Summer School - University of Galway",
      "url": "https://www.universityofgalway.ie/international-summer-school/",
      "tipo_senal": "Institucional - Programa 2026",
      "email": null,
      "telefono": null,
      "nombre_persona_o_institucion": "universityofgalway",
      "keyword_origen": "IE summer school contact",
      "fecha_detectada": "2025-12-16",
      "fecha_evento": "2026",
      "prioridad": "Baja"
    },
    {
      "id": "SIG-202512161656-261",
      "titulo": "Unlock Your Potential with IE's Pre-University Summer Program",
      "url": "https://www.ie.edu/ie-summer-school/pre-university/pre-university-summer-program/",
      "tipo_senal": "Institucional - Programa 2026",
      "email": null,
      "telefono": null,
      "nombre_persona_o_institucion": "ie",
      "keyword_origen": "IE summer school contact",
      "fecha_detectada": "2025-12-16",
      "fecha_evento": "2026",
      "prioridad": "Baja"
    },
    {
      "id": "SIG-202512161656-510",
      "titulo": "FAQS & Contact Info - University of Galway",
      "url": "https://www.universityofgalway.ie/international-summer-school/faqs_contact/",
      "tipo_senal": "Institucional - Programa 2026",
      "email": "summerschool@universityofgalway.ie",
      "telefono": "91 ",
      "nombre_persona_o_institucion": "universityofgalway",
      "keyword_origen": "IE summer school contact",
      "fecha_detectada": "2025-12-16",
      "fecha_evento": "2026",
      "prioridad": "Alta"
    },
    {
      "id": "SIG-202512161656-159",
      "titulo": "Summer Program for Graduate Students at IE University",
      "url": "https://www.ie.edu/ie-summer-school/university/university-summer-program/",
      "tipo_senal": "Institucional - Programa 2026",
      "email": null,
      "telefono": null,
      "nombre_persona_o_institucion": "ie",
      "keyword_origen": "IE summer school contact",
      "fecha_detectada": "2025-12-16",
      "fecha_evento": "2026",
      "prioridad": "Baja"
    },
    {
      "id": "SIG-202512161656-635",
      "titulo": "Apply - University of Galway",
      "url": "https://www.universityofgalway.ie/international-summer-school/apply/",
      "tipo_senal": "Institucional - Programa 2026",
      "email": "summerschool@universityofgalway.ie",
      "telefono": null,
      "nombre_persona_o_institucion": "universityofgalway",
      "keyword_origen": "IE summer school contact",
      "fecha_detectada": "2025-12-16",
      "fecha_evento": "2026",
      "prioridad": "Media"
    },
    {
      "id": "SIG-202512161656-595",
      "titulo": "Pre-University Summer Programs at IE University for 2025",
      "url": "https://www.ie.edu/ie-summer-school/pre-university/",
      "tipo_senal": "Institucional - Programa 2026",
      "email": null,
      "telefono": null,
      "nombre_persona_o_institucion": "ie",
      "keyword_origen": "IE summer school contact",
      "fecha_detectada": "2025-12-16",
      "fecha_evento": "2026",
      "prioridad": "Baja"
    },
    {
      "id": "SIG-202512161656-145",
      "titulo": "IE Summer School (@iesummerschool) • Instagram photos and videos",
      "url": "https://www.instagram.com/iesummerschool/?hl=en",
      "tipo_senal": "Institucional - Programa 2026",
      "email": null,
      "telefono": null,
      "nombre_persona_o_institucion": "instagram",
      "keyword_origen": "IE summer school contact",
      "fecha_detectada": "2025-12-16",
      "fecha_evento": "2026",
      "prioridad": "Baja"
    },
    {
      "id": "SIG-202512161656-710",
      "titulo": "IE – Fostering Positive Change Through Education, Research ...",
      "url": "https://www.ie.edu/",
      "tipo_senal": "Institucional - Programa 2026",
      "email": null,
      "telefono": null,
      "nombre_persona_o_institucion": "ie",
      "keyword_origen": "IE summer school contact",
      "fecha_detectada": "2025-12-16",
      "fecha_evento": "2026",
      "prioridad": "Baja"
    },
    {
      "id": "SIG-202512161656-135",
      "titulo": "Summer Schools | Civica",
      "url": "https://www.civica.eu/education/summer-schools",
      "tipo_senal": "Institucional - Programa 2026",
      "email": "ieuniversitysummerschool@ie.edu",
      "telefono": null,
      "nombre_persona_o_institucion": "civica",
      "keyword_origen": "IE summer school contact",
      "fecha_detectada": "2025-12-16",
      "fecha_evento": "2026",
      "prioridad": "Media"
    },
    {
      "id": "SIG-202512161656-916",
      "titulo": "Summer School - Esade Summer School",
      "url": "https://www.esade.edu/summer-school/en",
      "tipo_senal": "Institucional - Programa 2026",
      "email": null,
      "telefono": null,
      "nombre_persona_o_institucion": "esade",
      "keyword_origen": "ESADE summer madrid admissions",
      "fecha_detectada": "2025-12-16",
      "fecha_evento": "2026",
      "prioridad": "Baja"
    },
    {
      "id": "SIG-202512161656-934",
      "titulo": "Admission Process | IE University",
      "url": "https://www.ie.edu/university/admission/admission-process/",
      "tipo_senal": "Institucional - Programa 2026",
      "email": null,
      "telefono": null,
      "nombre_persona_o_institucion": "ie",
      "keyword_origen": "ESADE summer madrid admissions",
      "fecha_detectada": "2025-12-16",
      "fecha_evento": "2026",
      "prioridad": "Baja"
    },
    {
      "id": "SIG-202512161656-796",
      "titulo": "International Summer Program - Esade Summer School",
      "url": "https://www.esade.edu/summer-school/en/programmes/international-summer-program",
      "tipo_senal": "Institucional - Programa 2026",
      "email": null,
      "telefono": null,
      "nombre_persona_o_institucion": "esade",
      "keyword_origen": "ESADE summer madrid admissions",
      "fecha_detectada": "2025-12-16",
      "fecha_evento": "2026",
      "prioridad": "Baja"
    },
    {
      "id": "SIG-202512161656-607",
      "titulo": "Programs - Office of Global Education- Boston College",
      "url": "https://www.bc.edu/bc-web/sites/global-engagement/sites/office-of-global-education/semester-abroad/programs.html",
      "tipo_senal": "Institucional - Programa 2026",
      "email": null,
      "telefono": null,
      "nombre_persona_o_institucion": "bc",
      "keyword_origen": "ESADE summer madrid admissions",
      "fecha_detectada": "2025-12-16",
      "fecha_evento": "2026",
      "prioridad": "Baja"
    },
    {
      "id": "SIG-202512161656-688",
      "titulo": "Global Governance & Law Experience - Esade Summer School",
      "url": "https://www.esade.edu/summer-school/en/programmes/global-governance-law-experience",
      "tipo_senal": "Institucional - Programa 2026",
      "email": null,
      "telefono": null,
      "nombre_persona_o_institucion": "esade",
      "keyword_origen": "ESADE summer madrid admissions",
      "fecha_detectada": "2025-12-16",
      "fecha_evento": "2026",
      "prioridad": "Baja"
    },
    {
      "id": "SIG-202512161656-409",
      "titulo": "Summer Study Abroad | UNC Kenan-Flagler Business School",
      "url": "https://www.kenan-flagler.unc.edu/programs/undergraduate-business/global-programs/summer-study-abroad/",
      "tipo_senal": "Institucional - Programa 2026",
      "email": null,
      "telefono": null,
      "nombre_persona_o_institucion": "kenan-flagler",
      "keyword_origen": "ESADE summer madrid admissions",
      "fecha_detectada": "2025-12-16",
      "fecha_evento": "2026",
      "prioridad": "Baja"
    },
    {
      "id": "SIG-202512161656-414",
      "titulo": "International Business Experience - Esade Summer School",
      "url": "https://www.esade.edu/summer-school/en/programmes/international-business-experience",
      "tipo_senal": "Institucional - Programa 2026",
      "email": null,
      "telefono": null,
      "nombre_persona_o_institucion": "esade",
      "keyword_origen": "ESADE summer madrid admissions",
      "fecha_detectada": "2025-12-16",
      "fecha_evento": "2026",
      "prioridad": "Baja"
    },
    {
      "id": "SIG-202512161656-726",
      "titulo": "Study Business Abroad | Bachelor's Degree in Business | Indiana ...",
      "url": "https://kelley.iu.edu/undergraduate/academics/study-abroad/index.html",
      "tipo_senal": "Institucional - Programa 2026",
      "email": null,
      "telefono": null,
      "nombre_persona_o_institucion": "kelley",
      "keyword_origen": "ESADE summer madrid admissions",
      "fecha_detectada": "2025-12-16",
      "fecha_evento": "2026",
      "prioridad": "Baja"
    },
    {
      "id": "SIG-202512161656-585",
      "titulo": "Esade | Business & Law School in Barcelona & Madrid",
      "url": "https://www.esade.edu/en",
      "tipo_senal": "Institucional - Programa 2026",
      "email": null,
      "telefono": null,
      "nombre_persona_o_institucion": "esade",
      "keyword_origen": "ESADE summer madrid admissions",
      "fecha_detectada": "2025-12-16",
      "fecha_evento": "2026",
      "prioridad": "Baja"
    },
    {
      "id": "SIG-202512161656-81",
      "titulo": "Transfer students | IE University",
      "url": "https://www.ie.edu/university/admission/access-to-university/transfer-students/",
      "tipo_senal": "Institucional - Programa 2026",
      "email": "ieuadmissions@ie.edu",
      "telefono": null,
      "nombre_persona_o_institucion": "ie",
      "keyword_origen": "ESADE summer madrid admissions",
      "fecha_detectada": "2025-12-16",
      "fecha_evento": "2026",
      "prioridad": "Media"
    },
    {
      "id": "SIG-202512161656-555",
      "titulo": "Universidad Pontificia Comillas SAPIENS Summer | Study Abroad ...",
      "url": "https://studyabroad.ku.edu/universidad-pontificia-comillas-sapiens-summer",
      "tipo_senal": "Institucional - Programa 2026",
      "email": null,
      "telefono": null,
      "nombre_persona_o_institucion": "studyabroad",
      "keyword_origen": "Comillas summer school housing",
      "fecha_detectada": "2025-12-16",
      "fecha_evento": "2026",
      "prioridad": "Baja"
    },
    {
      "id": "SIG-202512161656-884",
      "titulo": "Summer School on European Affairs 2025",
      "url": "https://www.comillas.edu/summer-school-on-european-affairs-2025/",
      "tipo_senal": "Institucional - Programa 2026",
      "email": null,
      "telefono": null,
      "nombre_persona_o_institucion": "comillas",
      "keyword_origen": "Comillas summer school housing",
      "fecha_detectada": "2025-12-16",
      "fecha_evento": "2026",
      "prioridad": "Baja"
    },
    {
      "id": "SIG-202512161656-335",
      "titulo": "Comillas University Exchange | Programs | Explore Programs ...",
      "url": "https://www.seattleu.edu/academics/education-abroad/students/explore-programs/programs/comillas-university-exchange.php",
      "tipo_senal": "Institucional - Programa 2026",
      "email": null,
      "telefono": null,
      "nombre_persona_o_institucion": "seattleu",
      "keyword_origen": "Comillas summer school housing",
      "fecha_detectada": "2025-12-16",
      "fecha_evento": "2026",
      "prioridad": "Baja"
    },
    {
      "id": "SIG-202512161656-127",
      "titulo": "Summer School on European Affairs",
      "url": "https://www.comillas.edu/en/summer-school-on-european-affairs/",
      "tipo_senal": "Institucional - Programa 2026",
      "email": null,
      "telefono": null,
      "nombre_persona_o_institucion": "comillas",
      "keyword_origen": "Comillas summer school housing",
      "fecha_detectada": "2025-12-16",
      "fecha_evento": "2026",
      "prioridad": "Baja"
    },
    {
      "id": "SIG-202512161656-158",
      "titulo": "Universidad Pontificia Comillas de Madrid - Summer Program ...",
      "url": "https://www.ualberta.ca/en/international/global-learning/go-abroad/programs/universidad-pontificia-comillas-de-madrid-summer-program.html",
      "tipo_senal": "Institucional - Programa 2026",
      "email": null,
      "telefono": null,
      "nombre_persona_o_institucion": "ualberta",
      "keyword_origen": "Comillas summer school housing",
      "fecha_detectada": "2025-12-16",
      "fecha_evento": "2026",
      "prioridad": "Baja"
    },
    {
      "id": "SIG-202512161656-77",
      "titulo": "Comillas-ICAI Summer Engineering Research – Johns Hopkins ...",
      "url": "https://jhumadrid.org/comillas-icai-summer-engineering-research/",
      "tipo_senal": "Institucional - Programa 2026",
      "email": null,
      "telefono": null,
      "nombre_persona_o_institucion": "jhumadrid",
      "keyword_origen": "Comillas summer school housing",
      "fecha_detectada": "2025-12-16",
      "fecha_evento": "2026",
      "prioridad": "Baja"
    },
    {
      "id": "SIG-202512161656-241",
      "titulo": "Global E3 Exchange: Universidad Pontificia Comillas",
      "url": "https://terradotta.app.clemson.edu/index.cfm?FuseAction=programs.ViewProgram&Program_ID=11898",
      "tipo_senal": "Institucional - Programa 2026",
      "email": null,
      "telefono": null,
      "nombre_persona_o_institucion": "terradotta",
      "keyword_origen": "Comillas summer school housing",
      "fecha_detectada": "2025-12-16",
      "fecha_evento": "2026",
      "prioridad": "Baja"
    },
    {
      "id": "SIG-202512161656-819",
      "titulo": "Madrid, Spain | Semester at Comillas Pontifical University | Moritz ...",
      "url": "https://moritzlaw.osu.edu/madrid-spain-semester-comillas-pontifical-university",
      "tipo_senal": "Institucional - Programa 2026",
      "email": null,
      "telefono": null,
      "nombre_persona_o_institucion": "moritzlaw",
      "keyword_origen": "Comillas summer school housing",
      "fecha_detectada": "2025-12-16",
      "fecha_evento": "2026",
      "prioridad": "Baja"
    },
    {
      "id": "SIG-202512161656-607",
      "titulo": "Programs - Office of Global Education- Boston College",
      "url": "https://www.bc.edu/bc-web/sites/global-engagement/sites/office-of-global-education/semester-abroad/programs.html",
      "tipo_senal": "Institucional - Programa 2026",
      "email": null,
      "telefono": null,
      "nombre_persona_o_institucion": "bc",
      "keyword_origen": "Comillas summer school housing",
      "fecha_detectada": "2025-12-16",
      "fecha_evento": "2026",
      "prioridad": "Baja"
    },
    {
      "id": "SIG-202512161656-558",
      "titulo": "Study Abroad Programs | Creighton School of Law",
      "url": "https://www.creighton.edu/law/law-clinics-academic-opportunities/law-study-abroad-programs",
      "tipo_senal": "Institucional - Programa 2026",
      "email": null,
      "telefono": null,
      "nombre_persona_o_institucion": "creighton",
      "keyword_origen": "Comillas summer school housing",
      "fecha_detectada": "2025-12-16",
      "fecha_evento": "2026",
      "prioridad": "Baja"
    },
    {
      "id": "SIG-202512161656-236",
      "titulo": "IE University Summer School - Summer Programs in Madrid",
      "url": "https://www.ie.edu/ie-summer-school/",
      "tipo_senal": "Institucional - Programa 2026",
      "email": null,
      "telefono": null,
      "nombre_persona_o_institucion": "ie",
      "keyword_origen": "EOI summer madrid contact",
      "fecha_detectada": "2025-12-16",
      "fecha_evento": "2026",
      "prioridad": "Baja"
    },
    {
      "id": "SIG-202512161656-35",
      "titulo": "Contact us",
      "url": "https://www.eoimadrid.gov.in/contact-us.php",
      "tipo_senal": "Institucional - Programa 2026",
      "email": null,
      "telefono": "30-",
      "nombre_persona_o_institucion": "eoimadrid",
      "keyword_origen": "EOI summer madrid contact",
      "fecha_detectada": "2025-12-16",
      "fecha_evento": "2026",
      "prioridad": "Media"
    },
    {
      "id": "SIG-202512161656-144",
      "titulo": "Undergraduate Business Global Programs | UNC Kenan-Flagler ...",
      "url": "https://www.kenan-flagler.unc.edu/programs/undergraduate-business/global-programs/",
      "tipo_senal": "Institucional - Programa 2026",
      "email": null,
      "telefono": null,
      "nombre_persona_o_institucion": "kenan-flagler",
      "keyword_origen": "EOI summer madrid contact",
      "fecha_detectada": "2025-12-16",
      "fecha_evento": "2026",
      "prioridad": "Baja"
    },
    {
      "id": "SIG-202512161656-456",
      "titulo": "EOI in Madrid : r/SpainAuxiliares",
      "url": "https://www.reddit.com/r/SpainAuxiliares/comments/mim2dh/eoi_in_madrid/",
      "tipo_senal": "Institucional - Programa 2026",
      "email": null,
      "telefono": null,
      "nombre_persona_o_institucion": "reddit",
      "keyword_origen": "EOI summer madrid contact",
      "fecha_detectada": "2025-12-16",
      "fecha_evento": "2026",
      "prioridad": "Baja"
    },
    {
      "id": "SIG-202512161656-229",
      "titulo": "Learn Spanish in Madrid and online with TANDEM",
      "url": "https://www.tandemmadrid.com/",
      "tipo_senal": "Institucional - Programa 2026",
      "email": null,
      "telefono": null,
      "nombre_persona_o_institucion": "tandemmadrid",
      "keyword_origen": "EOI summer madrid contact",
      "fecha_detectada": "2025-12-16",
      "fecha_evento": "2026",
      "prioridad": "Baja"
    },
    {
      "id": "SIG-202512161656-70",
      "titulo": "Where to learn Spanish in Spain? : r/Spanish",
      "url": "https://www.reddit.com/r/Spanish/comments/wnapje/where_to_learn_spanish_in_spain/",
      "tipo_senal": "Institucional - Programa 2026",
      "email": null,
      "telefono": null,
      "nombre_persona_o_institucion": "reddit",
      "keyword_origen": "EOI summer madrid contact",
      "fecha_detectada": "2025-12-16",
      "fecha_evento": "2026",
      "prioridad": "Baja"
    },
    {
      "id": "SIG-202512161656-711",
      "titulo": "TFD PLAY Summer Program EOI 2025",
      "url": "https://form.jotform.com/251912434945864",
      "tipo_senal": "Institucional - Programa 2026",
      "email": null,
      "telefono": null,
      "nombre_persona_o_institucion": "form",
      "keyword_origen": "EOI summer madrid contact",
      "fecha_detectada": "2025-12-16",
      "fecha_evento": "2026",
      "prioridad": "Baja"
    },
    {
      "id": "SIG-202512161656-273",
      "titulo": "Open Opportunities - Citadel",
      "url": "https://www.citadel.com/careers/open-opportunities/",
      "tipo_senal": "Institucional - Programa 2026",
      "email": null,
      "telefono": null,
      "nombre_persona_o_institucion": "citadel",
      "keyword_origen": "EOI summer madrid contact",
      "fecha_detectada": "2025-12-16",
      "fecha_evento": "2026",
      "prioridad": "Baja"
    },
    {
      "id": "SIG-202512161656-286",
      "titulo": "View of A Novel Context for Project-Based Learning",
      "url": "https://scholarworks.iu.edu/journals/index.php/ijpbl/article/view/28785/38607",
      "tipo_senal": "Institucional - Programa 2026",
      "email": null,
      "telefono": null,
      "nombre_persona_o_institucion": "scholarworks",
      "keyword_origen": "EOI summer madrid contact",
      "fecha_detectada": "2025-12-16",
      "fecha_evento": "2026",
      "prioridad": "Baja"
    },
    {
      "id": "SIG-202512161656-570",
      "titulo": "New York Life Insurance: Trusted Guidance and Protection",
      "url": "https://www.newyorklife.com/",
      "tipo_senal": "Institucional - Programa 2026",
      "email": null,
      "telefono": null,
      "nombre_persona_o_institucion": "newyorklife",
      "keyword_origen": "EOI summer madrid contact",
      "fecha_detectada": "2025-12-16",
      "fecha_evento": "2026",
      "prioridad": "Baja"
    },
    {
      "id": "SIG-202512161656-169",
      "titulo": "Alojamiento | UC3M",
      "url": "https://www.uc3m.es/studies/international-exchage-students-in-uc3m/bachelor-degrees/Accommodation",
      "tipo_senal": "Institucional - Programa 2026",
      "email": null,
      "telefono": null,
      "nombre_persona_o_institucion": "uc3m",
      "keyword_origen": "UC3M study abroad housing",
      "fecha_detectada": "2025-12-16",
      "fecha_evento": "2026",
      "prioridad": "Baja"
    },
    {
      "id": "SIG-202512161656-243",
      "titulo": "Finding Housing for Study Abroad (UC3M) : r/gatech",
      "url": "https://www.reddit.com/r/gatech/comments/c4bpq9/finding_housing_for_study_abroad_uc3m/",
      "tipo_senal": "Institucional - Programa 2026",
      "email": null,
      "telefono": null,
      "nombre_persona_o_institucion": "reddit",
      "keyword_origen": "UC3M study abroad housing",
      "fecha_detectada": "2025-12-16",
      "fecha_evento": "2026",
      "prioridad": "Media"
    },
    {
      "id": "SIG-202512161656-36",
      "titulo": "Residence halls | UC3M",
      "url": "https://www.uc3m.es/about-uc3m/residence-halls",
      "tipo_senal": "Institucional - Programa 2026",
      "email": null,
      "telefono": null,
      "nombre_persona_o_institucion": "uc3m",
      "keyword_origen": "UC3M study abroad housing",
      "fecha_detectada": "2025-12-16",
      "fecha_evento": "2026",
      "prioridad": "Baja"
    },
    {
      "id": "SIG-202512161656-558",
      "titulo": "Study Abroad | Purdue University",
      "url": "https://www.studyabroad.purdue.edu/programs/flyer.cfm?flyer=910",
      "tipo_senal": "Institucional - Programa 2026",
      "email": null,
      "telefono": null,
      "nombre_persona_o_institucion": "studyabroad",
      "keyword_origen": "UC3M study abroad housing",
      "fecha_detectada": "2025-12-16",
      "fecha_evento": "2026",
      "prioridad": "Baja"
    },
    {
      "id": "SIG-202512161656-928",
      "titulo": "Where to stay | UC3M",
      "url": "https://www.uc3m.es/living-madrid/need-know/stay",
      "tipo_senal": "Institucional - Programa 2026",
      "email": null,
      "telefono": null,
      "nombre_persona_o_institucion": "uc3m",
      "keyword_origen": "UC3M study abroad housing",
      "fecha_detectada": "2025-12-16",
      "fecha_evento": "2026",
      "prioridad": "Baja"
    },
    {
      "id": "SIG-202512161656-801",
      "titulo": "UC3M Template Study Abroad General Flyer",
      "url": "https://zicklin.baruch.cuny.edu/wp-content/uploads/sites/10/2021/02/UC3M-Exchange-Flyer.pdf",
      "tipo_senal": "Institucional - Programa 2026",
      "email": "study.abroad@baruch.cuny.edu",
      "telefono": null,
      "nombre_persona_o_institucion": "zicklin",
      "keyword_origen": "UC3M study abroad housing",
      "fecha_detectada": "2025-12-16",
      "fecha_evento": "2026",
      "prioridad": "Media"
    },
    {
      "id": "SIG-202512161656-246",
      "titulo": "Study Abroad in Madrid, Spain - Madrid Intern Abroad Program",
      "url": "https://www.ceastudyabroad.com/explore/discover-the-city/madrid",
      "tipo_senal": "Institucional - Programa 2026",
      "email": null,
      "telefono": null,
      "nombre_persona_o_institucion": "ceastudyabroad",
      "keyword_origen": "UC3M study abroad housing",
      "fecha_detectada": "2025-12-16",
      "fecha_evento": "2026",
      "prioridad": "Baja"
    },
    {
      "id": "SIG-202512161656-957",
      "titulo": "Hi. Anyone planning to study in UC3M?",
      "url": "https://www.facebook.com/groups/1124274035304632/posts/1219471672451534/",
      "tipo_senal": "Institucional - Programa 2026",
      "email": null,
      "telefono": null,
      "nombre_persona_o_institucion": "facebook",
      "keyword_origen": "UC3M study abroad housing",
      "fecha_detectada": "2025-12-16",
      "fecha_evento": "2026",
      "prioridad": "Baja"
    },
    {
      "id": "SIG-202512161656-462",
      "titulo": "Program Details: Universidad Carlos III de Madrid (UC3M) - Study ...",
      "url": "https://www.gvsu.edu/studyabroad/program-details-universidad-carlos-iii-de-madrid-uc3m-660.htm",
      "tipo_senal": "Institucional - Programa 2026",
      "email": null,
      "telefono": null,
      "nombre_persona_o_institucion": "gvsu",
      "keyword_origen": "UC3M study abroad housing",
      "fecha_detectada": "2025-12-16",
      "fecha_evento": "2026",
      "prioridad": "Baja"
    },
    {
      "id": "SIG-202512161656-909",
      "titulo": "Engineering, Technology + Sciences | Madrid | College Study Abroad",
      "url": "https://www.ciee.org/go-abroad/college-study-abroad/programs/spain/madrid/engineering-technology-sciences",
      "tipo_senal": "Institucional - Programa 2026",
      "email": null,
      "telefono": null,
      "nombre_persona_o_institucion": "ciee",
      "keyword_origen": "UC3M study abroad housing",
      "fecha_detectada": "2025-12-16",
      "fecha_evento": "2026",
      "prioridad": "Baja"
    },
    {
      "id": "SIG-202512161656-902",
      "titulo": "Housing : SLU - Saint Louis University",
      "url": "https://www.slu.edu/madrid/campus-life/housing/index.php",
      "tipo_senal": "Institucional - Programa 2026",
      "email": null,
      "telefono": null,
      "nombre_persona_o_institucion": "slu",
      "keyword_origen": "Saint Louis University Madrid housing",
      "fecha_detectada": "2025-12-16",
      "fecha_evento": "2026",
      "prioridad": "Media"
    },
    {
      "id": "SIG-202512161656-360",
      "titulo": "SLU-Madrid : SLU",
      "url": "https://sts.madrid.slu.edu/",
      "tipo_senal": "Institucional - Programa 2026",
      "email": null,
      "telefono": null,
      "nombre_persona_o_institucion": "sts",
      "keyword_origen": "Saint Louis University Madrid housing",
      "fecha_detectada": "2025-12-16",
      "fecha_evento": "2026",
      "prioridad": "Baja"
    },
    {
      "id": "SIG-202512161656-790",
      "titulo": "Host Family Application and Payment Information : SLU - Saint Louis ...",
      "url": "https://www.slu.edu/madrid/campus-life/housing/host-family-application-and-payment-information.php",
      "tipo_senal": "Institucional - Programa 2026",
      "email": null,
      "telefono": null,
      "nombre_persona_o_institucion": "slu",
      "keyword_origen": "Saint Louis University Madrid housing",
      "fecha_detectada": "2025-12-16",
      "fecha_evento": "2026",
      "prioridad": "Baja"
    },
    {
      "id": "SIG-202512161656-606",
      "titulo": "Best Student Accommodation near Saint Louis University — Madrid ...",
      "url": "https://www.universityliving.com/spain/madrid/u/saint-louis-university-madrid-campus",
      "tipo_senal": "Institucional - Programa 2026",
      "email": null,
      "telefono": null,
      "nombre_persona_o_institucion": "universityliving",
      "keyword_origen": "Saint Louis University Madrid housing",
      "fecha_detectada": "2025-12-16",
      "fecha_evento": "2026",
      "prioridad": "Media"
    },
    {
      "id": "SIG-202512161656-522",
      "titulo": "Living Off Campus : SLU - Saint Louis University",
      "url": "https://www.slu.edu/madrid/campus-life/housing/living-off-campus.php",
      "tipo_senal": "Institucional - Programa 2026",
      "email": null,
      "telefono": "",
      "nombre_persona_o_institucion": "slu",
      "keyword_origen": "Saint Louis University Madrid housing",
      "fecha_detectada": "2025-12-16",
      "fecha_evento": "2026",
      "prioridad": "Baja"
    },
    {
      "id": "SIG-202512161656-203",
      "titulo": "Saint Louis University Madrid (SLU-Madrid) (Outgoing Program)",
      "url": "https://geo.vanderbilt.edu/index.cfm?FuseAction=Programs.ViewProgram&Program_ID=10033",
      "tipo_senal": "Institucional - Programa 2026",
      "email": null,
      "telefono": null,
      "nombre_persona_o_institucion": "geo",
      "keyword_origen": "Saint Louis University Madrid housing",
      "fecha_detectada": "2025-12-16",
      "fecha_evento": "2026",
      "prioridad": "Baja"
    },
    {
      "id": "SIG-202512161656-387",
      "titulo": "Off-Campus Housing and Sublets near Saint Louis University ...",
      "url": "https://www.sabbaticalhomes.com/housing/saint-louis-university--madrid-campus",
      "tipo_senal": "Institucional - Programa 2026",
      "email": null,
      "telefono": null,
      "nombre_persona_o_institucion": "sabbaticalhomes",
      "keyword_origen": "Saint Louis University Madrid housing",
      "fecha_detectada": "2025-12-16",
      "fecha_evento": "2026",
      "prioridad": "Media"
    },
    {
      "id": "SIG-202512161656-313",
      "titulo": "Fall Budget Sheet for Saint Louis University — Madrid (SLU)",
      "url": "https://studyabroad.marquette.edu/index.cfm?FuseAction=Programs.BudgetSheet&Program_ID=10176&Term=Fall&DocType=pdf&orientation=portrait",
      "tipo_senal": "Institucional - Programa 2026",
      "email": null,
      "telefono": null,
      "nombre_persona_o_institucion": "studyabroad",
      "keyword_origen": "Saint Louis University Madrid housing",
      "fecha_detectada": "2025-12-16",
      "fecha_evento": "2026",
      "prioridad": "Baja"
    },
    {
      "id": "SIG-202512161656-371",
      "titulo": "Questions About SLU Madrid : r/Madrid",
      "url": "https://www.reddit.com/r/Madrid/comments/11gdyui/questions_about_slu_madrid/",
      "tipo_senal": "Institucional - Programa 2026",
      "email": null,
      "telefono": null,
      "nombre_persona_o_institucion": "reddit",
      "keyword_origen": "Saint Louis University Madrid housing",
      "fecha_detectada": "2025-12-16",
      "fecha_evento": "2026",
      "prioridad": "Baja"
    },
    {
      "id": "SIG-202512161656-645",
      "titulo": "Saint Louis University, Madrid Accommodation | Casita.com",
      "url": "https://www.casita.com/student-accommodation/spain/madrid/saint-louis-university-madrid-campus",
      "tipo_senal": "Institucional - Programa 2026",
      "email": null,
      "telefono": null,
      "nombre_persona_o_institucion": "casita",
      "keyword_origen": "Saint Louis University Madrid housing",
      "fecha_detectada": "2025-12-16",
      "fecha_evento": "2026",
      "prioridad": "Media"
    },
    {
      "id": "SIG-202512161656-902",
      "titulo": "Housing - SLU-Madrid",
      "url": "https://www.slu.edu/madrid/campus-life/housing/index.php",
      "tipo_senal": "Institucional - Programa 2026",
      "email": "housing-madrid@slu.edu",
      "telefono": null,
      "nombre_persona_o_institucion": "slu",
      "keyword_origen": "SLU Madrid accommodation contact",
      "fecha_detectada": "2025-12-16",
      "fecha_evento": "2026",
      "prioridad": "Alta"
    },
    {
      "id": "SIG-202512161656-360",
      "titulo": "SLU-Madrid : SLU",
      "url": "https://sts.madrid.slu.edu/",
      "tipo_senal": "Institucional - Programa 2026",
      "email": null,
      "telefono": null,
      "nombre_persona_o_institucion": "sts",
      "keyword_origen": "SLU Madrid accommodation contact",
      "fecha_detectada": "2025-12-16",
      "fecha_evento": "2026",
      "prioridad": "Baja"
    },
    {
      "id": "SIG-202512161656-136",
      "titulo": "Center for Accessibility and Disability Resources : SLU - Saint Louis ...",
      "url": "https://www.slu.edu/madrid/academics/academic-resources/disability-services.php",
      "tipo_senal": "Institucional - Programa 2026",
      "email": null,
      "telefono": null,
      "nombre_persona_o_institucion": "slu",
      "keyword_origen": "SLU Madrid accommodation contact",
      "fecha_detectada": "2025-12-16",
      "fecha_evento": "2026",
      "prioridad": "Baja"
    },
    {
      "id": "SIG-202512161656-606",
      "titulo": "Best Student Accommodation near Saint Louis University — Madrid ...",
      "url": "https://www.universityliving.com/spain/madrid/u/saint-louis-university-madrid-campus",
      "tipo_senal": "Institucional - Programa 2026",
      "email": null,
      "telefono": null,
      "nombre_persona_o_institucion": "universityliving",
      "keyword_origen": "SLU Madrid accommodation contact",
      "fecha_detectada": "2025-12-16",
      "fecha_evento": "2026",
      "prioridad": "Media"
    },
    {
      "id": "SIG-202512161656-790",
      "titulo": "Host Family Application and Payment Information : SLU - Saint Louis ...",
      "url": "https://www.slu.edu/madrid/campus-life/housing/host-family-application-and-payment-information.php",
      "tipo_senal": "Institucional - Programa 2026",
      "email": "housing-madrid@slu.edu",
      "telefono": null,
      "nombre_persona_o_institucion": "slu",
      "keyword_origen": "SLU Madrid accommodation contact",
      "fecha_detectada": "2025-12-16",
      "fecha_evento": "2026",
      "prioridad": "Media"
    },
    {
      "id": "SIG-202512161656-171",
      "titulo": "N.U.in Program Academic Handbook: SLU Madrid",
      "url": "https://nuin.northeastern.edu/wp-content/uploads/N.U.in-Spain-Academic-Handbook-2023.pdf",
      "tipo_senal": "Institucional - Programa 2026",
      "email": "disabilityservices-madrid@slu.edu",
      "telefono": null,
      "nombre_persona_o_institucion": "nuin",
      "keyword_origen": "SLU Madrid accommodation contact",
      "fecha_detectada": "2025-12-16",
      "fecha_evento": "2026",
      "prioridad": "Media"
    },
    {
      "id": "SIG-202512161656-47",
      "titulo": "Host Family Housing Norms - SLU-Madrid",
      "url": "https://www.slu.edu/madrid/campus-life/housing/host-family-norms.php",
      "tipo_senal": "Institucional - Programa 2026",
      "email": null,
      "telefono": "",
      "nombre_persona_o_institucion": "slu",
      "keyword_origen": "SLU Madrid accommodation contact",
      "fecha_detectada": "2025-12-16",
      "fecha_evento": "2026",
      "prioridad": "Media"
    },
    {
      "id": "SIG-202512161656-645",
      "titulo": "Saint Louis University, Madrid Accommodation | Casita.com",
      "url": "https://www.casita.com/student-accommodation/spain/madrid/saint-louis-university-madrid-campus",
      "tipo_senal": "Institucional - Programa 2026",
      "email": null,
      "telefono": null,
      "nombre_persona_o_institucion": "casita",
      "keyword_origen": "SLU Madrid accommodation contact",
      "fecha_detectada": "2025-12-16",
      "fecha_evento": "2026",
      "prioridad": "Media"
    },
    {
      "id": "SIG-202512161656-522",
      "titulo": "Living Off Campus : SLU - Saint Louis University",
      "url": "https://www.slu.edu/madrid/campus-life/housing/living-off-campus.php",
      "tipo_senal": "Institucional - Programa 2026",
      "email": null,
      "telefono": null,
      "nombre_persona_o_institucion": "slu",
      "keyword_origen": "SLU Madrid accommodation contact",
      "fecha_detectada": "2025-12-16",
      "fecha_evento": "2026",
      "prioridad": "Baja"
    },
    {
      "id": "SIG-202512161656-617",
      "titulo": "Saint Louis University | AAICU",
      "url": "https://www.aaicu.org/saint-louis-university/",
      "tipo_senal": "Institucional - Programa 2026",
      "email": null,
      "telefono": null,
      "nombre_persona_o_institucion": "aaicu",
      "keyword_origen": "SLU Madrid accommodation contact",
      "fecha_detectada": "2025-12-16",
      "fecha_evento": "2026",
      "prioridad": "Baja"
    },
    {
      "id": "SIG-202512161656-142",
      "titulo": "Madrid Campus - Suffolk University",
      "url": "https://www.suffolk.edu/madrid-campus",
      "tipo_senal": "Institucional - Programa 2026",
      "email": null,
      "telefono": null,
      "nombre_persona_o_institucion": "suffolk",
      "keyword_origen": "Suffolk University Madrid study abroad contact",
      "fecha_detectada": "2025-12-16",
      "fecha_evento": "2026",
      "prioridad": "Baja"
    },
    {
      "id": "SIG-202512161656-288",
      "titulo": "SLU-Madrid | SLU.edu : SLU - Saint Louis University",
      "url": "https://www.slu.edu/madrid/index.php",
      "tipo_senal": "Institucional - Programa 2026",
      "email": null,
      "telefono": null,
      "nombre_persona_o_institucion": "slu",
      "keyword_origen": "Suffolk University Madrid study abroad contact",
      "fecha_detectada": "2025-12-16",
      "fecha_evento": "2026",
      "prioridad": "Baja"
    },
    {
      "id": "SIG-202512161656-481",
      "titulo": "Tom Biedermann - Undergraduate Admission - Suffolk University",
      "url": "https://www.suffolk.edu/undergraduate-admission/contact/admission-staff/tom-biedermann",
      "tipo_senal": "Institucional - Programa 2026",
      "email": null,
      "telefono": "1-",
      "nombre_persona_o_institucion": "suffolk",
      "keyword_origen": "Suffolk University Madrid study abroad contact",
      "fecha_detectada": "2025-12-16",
      "fecha_evento": "2026",
      "prioridad": "Media"
    },
    {
      "id": "SIG-202512161656-559",
      "titulo": "Center Staff and Contact Information | Dickinson College",
      "url": "https://www.dickinson.edu/info/20056/center_for_global_study_and_engagement/2194/center_staff_and_contact_information",
      "tipo_senal": "Institucional - Programa 2026",
      "email": null,
      "telefono": null,
      "nombre_persona_o_institucion": "dickinson",
      "keyword_origen": "Suffolk University Madrid study abroad contact",
      "fecha_detectada": "2025-12-16",
      "fecha_evento": "2026",
      "prioridad": "Media"
    },
    {
      "id": "SIG-202512161656-745",
      "titulo": "Study Abroad - Suffolk University",
      "url": "https://www.suffolk.edu/global/study-abroad",
      "tipo_senal": "Institucional - Programa 2026",
      "email": null,
      "telefono": null,
      "nombre_persona_o_institucion": "suffolk",
      "keyword_origen": "Suffolk University Madrid study abroad contact",
      "fecha_detectada": "2025-12-16",
      "fecha_evento": "2026",
      "prioridad": "Baja"
    },
    {
      "id": "SIG-202512161656-496",
      "titulo": "Suffolk Week | Suffolk University Alumni Connect",
      "url": "https://sites.suffolk.edu/alumniconnect/suffolk-week/",
      "tipo_senal": "Institucional - Programa 2026",
      "email": null,
      "telefono": null,
      "nombre_persona_o_institucion": "sites",
      "keyword_origen": "Suffolk University Madrid study abroad contact",
      "fecha_detectada": "2025-12-16",
      "fecha_evento": "2026",
      "prioridad": "Baja"
    },
    {
      "id": "SIG-202512161656-830",
      "titulo": "Travel Seminars - Suffolk University",
      "url": "https://www.suffolk.edu/business/degrees-programs/global-focus/travel-seminars",
      "tipo_senal": "Institucional - Programa 2026",
      "email": null,
      "telefono": null,
      "nombre_persona_o_institucion": "suffolk",
      "keyword_origen": "Suffolk University Madrid study abroad contact",
      "fecha_detectada": "2025-12-16",
      "fecha_evento": "2026",
      "prioridad": "Baja"
    },
    {
      "id": "SIG-202512161656-626",
      "titulo": "Program/University Abroad",
      "url": "https://www.chapman.edu/academics/undergraduate/study-abroad/_files/program-contact-info.pdf",
      "tipo_senal": "Institucional - Programa 2026",
      "email": null,
      "telefono": "413-",
      "nombre_persona_o_institucion": "chapman",
      "keyword_origen": "Suffolk University Madrid study abroad contact",
      "fecha_detectada": "2025-12-16",
      "fecha_evento": "2026",
      "prioridad": "Media"
    },
    {
      "id": "SIG-202512161656-789",
      "titulo": "SCENES FROM SUFFOLK MADRID: The semester I always ...",
      "url": "https://thesuffolkjournal.com/36637/opinion/scenes-from-suffolk-madrid-the-semester-i-always-dreamed-of/",
      "tipo_senal": "Institucional - Programa 2026",
      "email": null,
      "telefono": null,
      "nombre_persona_o_institucion": "thesuffolkjournal",
      "keyword_origen": "Suffolk University Madrid study abroad contact",
      "fecha_detectada": "2025-12-16",
      "fecha_evento": "2026",
      "prioridad": "Baja"
    },
    {
      "id": "SIG-202512161656-912",
      "titulo": "Meet the Fall 2024 Study Abroad Rambassadors – Rams Abroad",
      "url": "https://sites.suffolk.edu/suffolkramsabroad/2024/09/25/meet-the-fall-2024-study-abroad-rambassadors/",
      "tipo_senal": "Institucional - Programa 2026",
      "email": "studyabroad@suffolk.edu",
      "telefono": null,
      "nombre_persona_o_institucion": "sites",
      "keyword_origen": "Suffolk University Madrid study abroad contact",
      "fecha_detectada": "2025-12-16",
      "fecha_evento": "2026",
      "prioridad": "Media"
    },
    {
      "id": "SIG-202512161656-437",
      "titulo": "Housing",
      "url": "https://www.nyu.edu/madrid/student-life/housing.html",
      "tipo_senal": "Institucional - Programa 2026",
      "email": null,
      "telefono": null,
      "nombre_persona_o_institucion": "nyu",
      "keyword_origen": "NYU Madrid study abroad housing",
      "fecha_detectada": "2025-12-16",
      "fecha_evento": "2026",
      "prioridad": "Media"
    },
    {
      "id": "SIG-202512161656-74",
      "titulo": "NYU Office of Global Programs Portal",
      "url": "https://apply.globalstudy.nyu.edu/portal/nyu_studyaway",
      "tipo_senal": "Institucional - Programa 2026",
      "email": null,
      "telefono": null,
      "nombre_persona_o_institucion": "apply",
      "keyword_origen": "NYU Madrid study abroad housing",
      "fecha_detectada": "2025-12-16",
      "fecha_evento": "2026",
      "prioridad": "Baja"
    },
    {
      "id": "SIG-202512161656-517",
      "titulo": "NYU Madrid - Studying Abroad",
      "url": "https://www.nyu.edu/academics/studying-abroad/summer-abroad/ogp-administered-programs/madrid.html",
      "tipo_senal": "Institucional - Programa 2026",
      "email": null,
      "telefono": null,
      "nombre_persona_o_institucion": "nyu",
      "keyword_origen": "NYU Madrid study abroad housing",
      "fecha_detectada": "2025-12-16",
      "fecha_evento": "2026",
      "prioridad": "Baja"
    },
    {
      "id": "SIG-202512161656-355",
      "titulo": "NYU Madrid Onsite Staff – NYU Madrid",
      "url": "https://wp.nyu.edu/madrid/nyu-madrid-onsite-staff/",
      "tipo_senal": "Institucional - Programa 2026",
      "email": null,
      "telefono": null,
      "nombre_persona_o_institucion": "wp",
      "keyword_origen": "NYU Madrid study abroad housing",
      "fecha_detectada": "2025-12-16",
      "fecha_evento": "2026",
      "prioridad": "Baja"
    },
    {
      "id": "SIG-202512161656-390",
      "titulo": "NYU Madrid",
      "url": "https://www.nyu.edu/madrid.html",
      "tipo_senal": "Institucional - Programa 2026",
      "email": null,
      "telefono": null,
      "nombre_persona_o_institucion": "nyu",
      "keyword_origen": "NYU Madrid study abroad housing",
      "fecha_detectada": "2025-12-16",
      "fecha_evento": "2026",
      "prioridad": "Baja"
    },
    {
      "id": "SIG-202512161656-443",
      "titulo": "NYU Madrid: A Day in the Life - MEET NYU",
      "url": "https://meet.nyu.edu/academics/nyu-madrid-a-day-in-the-life/",
      "tipo_senal": "Institucional - Programa 2026",
      "email": null,
      "telefono": null,
      "nombre_persona_o_institucion": "meet",
      "keyword_origen": "NYU Madrid study abroad housing",
      "fecha_detectada": "2025-12-16",
      "fecha_evento": "2026",
      "prioridad": "Baja"
    },
    {
      "id": "SIG-202512161656-113",
      "titulo": "Madrid housing",
      "url": "https://www.nyu.edu/academics/studying-abroad/freshmen-abroad-programs/liberal-studies-freshmen-programs/freshmen-in-madrid/student-life/housing.html",
      "tipo_senal": "Institucional - Programa 2026",
      "email": null,
      "telefono": null,
      "nombre_persona_o_institucion": "nyu",
      "keyword_origen": "NYU Madrid study abroad housing",
      "fecha_detectada": "2025-12-16",
      "fecha_evento": "2026",
      "prioridad": "Media"
    },
    {
      "id": "SIG-202512161656-253",
      "titulo": "Madrid Housing : r/nyu",
      "url": "https://www.reddit.com/r/nyu/comments/17n4r5p/madrid_housing/",
      "tipo_senal": "Institucional - Programa 2026",
      "email": null,
      "telefono": null,
      "nombre_persona_o_institucion": "reddit",
      "keyword_origen": "NYU Madrid study abroad housing",
      "fecha_detectada": "2025-12-16",
      "fecha_evento": "2026",
      "prioridad": "Media"
    },
    {
      "id": "SIG-202512161656-980",
      "titulo": "Spain - Intercultural Perspectives on Teaching and Learning | NYU ...",
      "url": "https://steinhardt.nyu.edu/programs/study-abroad/graduate/spain-intercultural-perspectives-teaching-and-learning",
      "tipo_senal": "Institucional - Programa 2026",
      "email": null,
      "telefono": null,
      "nombre_persona_o_institucion": "steinhardt",
      "keyword_origen": "NYU Madrid study abroad housing",
      "fecha_detectada": "2025-12-16",
      "fecha_evento": "2026",
      "prioridad": "Baja"
    },
    {
      "id": "SIG-202512161656-267",
      "titulo": "Studying Abroad in Madrid, Spain — NYU COMM CLUB",
      "url": "https://www.nyucommclub.com/content/2019/4/27/studying-abroad-in-madrid-spain",
      "tipo_senal": "Institucional - Programa 2026",
      "email": null,
      "telefono": null,
      "nombre_persona_o_institucion": "nyucommclub",
      "keyword_origen": "NYU Madrid study abroad housing",
      "fecha_detectada": "2025-12-16",
      "fecha_evento": "2026",
      "prioridad": "Baja"
    },
    {
      "id": "SIG-202512161656-754",
      "titulo": "Summer in Spain at SLU-Madrid : SLU - Saint Louis University",
      "url": "https://www.slu.edu/madrid/academics/degrees-and-programs/summer-programs.php",
      "tipo_senal": "Institucional - Programa 2026",
      "email": null,
      "telefono": null,
      "nombre_persona_o_institucion": "slu",
      "keyword_origen": "spanish school madrid summer course contact",
      "fecha_detectada": "2025-12-16",
      "fecha_evento": "2026",
      "prioridad": "Baja"
    },
    {
      "id": "SIG-202512161656-277",
      "titulo": "Contact Inhispania Madrid | Spanish School Information",
      "url": "https://inhispania.com/contact/",
      "tipo_senal": "Institucional - Programa 2026",
      "email": null,
      "telefono": "+34 ",
      "nombre_persona_o_institucion": "inhispania",
      "keyword_origen": "spanish school madrid summer course contact",
      "fecha_detectada": "2025-12-16",
      "fecha_evento": "2026",
      "prioridad": "Media"
    },
    {
      "id": "SIG-202512161656-236",
      "titulo": "IE University Summer School - Summer Programs in Madrid",
      "url": "https://www.ie.edu/ie-summer-school/",
      "tipo_senal": "Institucional - Programa 2026",
      "email": null,
      "telefono": null,
      "nombre_persona_o_institucion": "ie",
      "keyword_origen": "spanish school madrid summer course contact",
      "fecha_detectada": "2025-12-16",
      "fecha_evento": "2026",
      "prioridad": "Baja"
    },
    {
      "id": "SIG-202512161656-311",
      "titulo": "Spanish Language and Culture Summer Course in Madrid - Spain",
      "url": "https://inhispania.com/courses/summer-spanish-courses/",
      "tipo_senal": "Institucional - Programa 2026",
      "email": null,
      "telefono": null,
      "nombre_persona_o_institucion": "inhispania",
      "keyword_origen": "spanish school madrid summer course contact",
      "fecha_detectada": "2025-12-16",
      "fecha_evento": "2026",
      "prioridad": "Baja"
    },
    {
      "id": "SIG-202512161656-832",
      "titulo": "Spanish schools in Spain. Enforex schools. Language schools in ...",
      "url": "https://www.enforex.com/",
      "tipo_senal": "Institucional - Programa 2026",
      "email": null,
      "telefono": null,
      "nombre_persona_o_institucion": "enforex",
      "keyword_origen": "spanish school madrid summer course contact",
      "fecha_detectada": "2025-12-16",
      "fecha_evento": "2026",
      "prioridad": "Baja"
    },
    {
      "id": "SIG-202512161656-792",
      "titulo": "Summer in Spain - St. Thomas University",
      "url": "https://www.stu.edu/law/academics/summer-in-spain/",
      "tipo_senal": "Institucional - Programa 2026",
      "email": "cgonzalezrivera@stu.edu",
      "telefono": null,
      "nombre_persona_o_institucion": "stu",
      "keyword_origen": "spanish school madrid summer course contact",
      "fecha_detectada": "2025-12-16",
      "fecha_evento": "2026",
      "prioridad": "Media"
    },
    {
      "id": "SIG-202512161656-41",
      "titulo": "Heavener international study abroad and exchange programs",
      "url": "https://warrington.ufl.edu/current-students/undergraduate/international-study/",
      "tipo_senal": "Institucional - Programa 2026",
      "email": null,
      "telefono": null,
      "nombre_persona_o_institucion": "warrington",
      "keyword_origen": "spanish school madrid summer course contact",
      "fecha_detectada": "2025-12-16",
      "fecha_evento": "2026",
      "prioridad": "Baja"
    },
    {
      "id": "SIG-202512161656-222",
      "titulo": "Contact Us | Expanish",
      "url": "https://expanish.com/contact-spanish-school/",
      "tipo_senal": "Institucional - Programa 2026",
      "email": null,
      "telefono": null,
      "nombre_persona_o_institucion": "expanish",
      "keyword_origen": "spanish school madrid summer course contact",
      "fecha_detectada": "2025-12-16",
      "fecha_evento": "2026",
      "prioridad": "Media"
    },
    {
      "id": "SIG-202512161656-641",
      "titulo": "Contact information for don Quijote schools and courses",
      "url": "https://www.donquijote.org/about-us/contact/",
      "tipo_senal": "Institucional - Programa 2026",
      "email": null,
      "telefono": null,
      "nombre_persona_o_institucion": "donquijote",
      "keyword_origen": "spanish school madrid summer course contact",
      "fecha_detectada": "2025-12-16",
      "fecha_evento": "2026",
      "prioridad": "Media"
    },
    {
      "id": "SIG-202512161656-44",
      "titulo": "LAE Kids - Spanish for Kids and Families in Madrid",
      "url": "https://laekids.com/",
      "tipo_senal": "Institucional - Programa 2026",
      "email": null,
      "telefono": null,
      "nombre_persona_o_institucion": "laekids",
      "keyword_origen": "spanish school madrid summer course contact",
      "fecha_detectada": "2025-12-16",
      "fecha_evento": "2026",
      "prioridad": "Baja"
    }
  ]
}